{
    "course_name": "scurve",
    "target_time": 20,
    "segments": [
        {
            "mile_index": 0,
            "pace_per_mile": "8:13",
            "time_per_mile": 8.23303448124357,
            "elapsed_time": 8.23303448124357,
            "distance": 1.0
        },
        {
            "mile_index": 1,
            "pace_per_mile": "7:35",
            "time_per_mile": 7.589875422238276,
            "elapsed_time": 15.822909903481845,
            "distance": 1.0
        },
        {
            "mile_index": 2,
            "pace_per_mile": "7:44",
            "time_per_mile": 4.176500247645015,
            "elapsed_time": 19.99941015112686,
            "distance": 0.5393134754206179
        }
    ],
    "total_time": 20.0
}