{
    "course_name": "Lakefront-Loops-5k",
    "target_time": 20,
    "segments": [
        {
            "mile_index": 0,
            "pace_per_mile": "6:28",
            "time_per_mile": 6.4694815226564755,
            "elapsed_time": 6.4694815226564755,
            "distance": 1.0
        },
        {
            "mile_index": 1,
            "pace_per_mile": "6:28",
            "time_per_mile": 6.469481522656475,
            "elapsed_time": 12.93896304531295,
            "distance": 1.0
        },
        {
            "mile_index": 2,
            "pace_per_mile": "6:28",
            "time_per_mile": 6.469481522656483,
            "elapsed_time": 19.408444567969433,
            "distance": 1.0
        },
        {
            "mile_index": 3,
            "pace_per_mile": "6:28",
            "time_per_mile": 0.5915554320305648,
            "elapsed_time": 19.999999999999996,
            "distance": 0.09143784242352426
        }
    ],
    "total_time": 20.0
}